Series Name,Series Code,Country Name,Country Code,2002 [YR2002],2003 [YR2003],2004 [YR2004],2005 [YR2005],2006 [YR2006],2007 [YR2007],2008 [YR2008],2009 [YR2009],2010 [YR2010],2011 [YR2011],2012 [YR2012],2013 [YR2013],2014 [YR2014],2015 [YR2015],2016 [YR2016],2017 [YR2017],2018 [YR2018],2019 [YR2019],2020 [YR2020],2021 [YR2021]
Cereal production (metric tons),AG.PRD.CREL.MT,Sub-Saharan Africa,SSF,87291244,90858657,94207102,102951485,106223217,103964057,118430546,113515470,131826157,121696347,136640097,138058091,152946472,145349387,153329815,164656697,170810005,168017573,176417891,..
Cereal yield (kg per hectare),AG.YLD.CREL.KG,Sub-Saharan Africa,SSF,1199.33839259928,1173.26627703875,1228.38281937257,1257.89710518267,1299.20157718306,1266.05226500767,1365.30350912595,1397.29355656709,1442.92352478494,1361.9951572849,1410.84662550062,1326.42751682889,1423.64519216416,1427.8988709033,1369.17800631173,1478.63153295076,1475.46519568291,1494.15270315035,1546.41518680717,..
Food production index (2014-2016 = 100),AG.PRD.FOOD.XD,Sub-Saharan Africa,SSF,..,..,..,..,..,..,..,..,..,..,..,..,..,..,..,..,..,..,..,..
Total fisheries production (metric tons),ER.FSH.PROD.MT,Sub-Saharan Africa,SSF,5347826.83,5614839.25,5811742.65,5767348.54,5529214.19,5672501.71,5756820.49,5751999.95,6141238.48,6366095.12,6817961.46,6734228.72,7118367.31,7264388.65,7415979.01,7957952,7891268.13,7942895.03,7782570.79,..
Prevalence of severe food insecurity in the population (%),SN.ITK.SVFI.ZS,Sub-Saharan Africa,SSF,..,..,..,..,..,..,..,..,..,..,..,..,19.2,20.1,21.6,22.5,22.9,24.6,..,..
Prevalence of undernourishment (% of population),SN.ITK.DEFC.ZS,Sub-Saharan Africa,SSF,25.4898606821177,25.0399231711073,24.0224296952571,22.8910035869267,21.9426464383626,21.4421343341422,20.9808538169775,19.7187739177935,18.515283221683,17.3803896253369,17.0689711874508,16.907928903412,17.0033964387996,17.3124487545447,17.6313134105901,18.0932359543377,18.5138077549434,19.7710595882059,20.9011579273576,..
,,,,,,,,,,,,,,,,,,,,,,,
,,,,,,,,,,,,,,,,,,,,,,,
,,,,,,,,,,,,,,,,,,,,,,,
Data from database: World Development Indicators,,,,,,,,,,,,,,,,,,,,,,,
Last Updated: 12/22/2022,,,,,,,,,,,,,,,,,,,,,,,
Code,License Type,Indicator Name,Short definition,Long definition,Source,Topic,Periodicity,Base Period,Aggregation method,Statistical concept and methodology,Development relevance,Limitations and exceptions,General comments,License URL
AG.PRD.CREL.MT,CC BY-4.0,Cereal production (metric tons),,"Production data on cereals relate to crops harvested for dry grain only. Cereal crops harvested for hay or harvested green for food, feed, or silage and those used for grazing are excluded.","Food and Agriculture Organization, electronic files and web site.",Environment: Agricultural production,Annual,,Sum,"A cereal is a grass cultivated for the edible components of their grain, composed of the endosperm, germ, and bran. Cereal grains are grown in greater quantities and provide more food energy worldwide than any other type of crop; cereal crops therefore can also be called staple crops. Cereals production data relate to crops harvested for dry grain only. Cereal crops harvested for hay or harvested green for food, feed, or silage and those used for grazing are excluded. The Food and Agriculture Organization (FAO) allocates production data to the calendar year in which the bulk of the harvest took place. Most of a crop harvested near the end of a year will be used in the following year.","The Food and Agriculture Organization (FAO) estimates that cereals supply 51 percent of Calories and 47 percent of protein in the average diet. The total annual cereal production globally is about 2,500 million tons.

FAO estimates that maize (corn), wheat and rice together account for more than three-fourths of all grain production worldwide. In developed countries, cereal crops are universally machine-harvested, typically using a combine harvester, which cuts, threshes, and winnows the grain during a single pass across the field. In many industrialized countries, particularly in the United States and Canada, farmers commonly deliver their newly harvested grain to a grain elevator or a storage facility that consolidates the crops of many farmers. In developing countries, a variety of harvesting methods are used in cereal cultivation, depending on the cost of labor, from small combines to hand tools such as the scythe or cradle.

Crop production systems have evolved rapidly over the past century and have resulted in significantly increased crop yields, but have also created undesirable environmental side-effects such as soil degradation and erosion, pollution from chemical fertilizers and agrochemicals and a loss of bio-diversity. Factors such as the green revolution, has led to impressive progress in increasing cereals yields over the last few decades. This progress, however, is not equal across all regions. Continued progress depends on maintaining agricultural research and education. The cultivation of cereals varies widely in different countries and depends partly upon the development of the economy. Production depends on the nature of the soil, the amount of rainfall, irrigation, quality of seeds, and the techniques applied to promote growth.","Data on cereal production may be affected by a variety of reporting and timing differences. Millet and sorghum, which are grown as feed for livestock and poultry in Europe and North America, are used as food in Africa, Asia, and countries of the former Soviet Union. So some cereal crops are excluded from the data for some countries and included elsewhere, depending on their use.

The data are collected by the Food and Agriculture Organization (FAO) of the United Nations through annual questionnaires and are supplemented with information from official secondary data sources. The secondary sources cover official country data from websites of national ministries, national publications and related country data reported by various international organizations. The FAO tries to impose standard definitions and reporting methods, but complete consistency across countries and over time is not possible. Thus, data on agricultural land in different climates may not be comparable. For example, permanent pastures are quite different in nature and intensity in African countries and dry Middle Eastern countries.

The data collected from official national sources.",,https://datacatalog.worldbank.org/public-licenses#cc-by
AG.YLD.CREL.KG,CC BY-4.0,Cereal yield (kg per hectare),"Cereal yield, measured as kilograms per hectare of harvested land, includes wheat, rice, maize, barley, oats, rye, millet, sorghum, buckwheat, and mixed grains. Production data on cereals relate to crops harvested for dry grain only. Cereal crops harvested for hay or harvested green for food, feed, or silage and those used for grazing are excluded.","Cereal yield, measured as kilograms per hectare of harvested land, includes wheat, rice, maize, barley, oats, rye, millet, sorghum, buckwheat, and mixed grains. Production data on cereals relate to crops harvested for dry grain only. Cereal crops harvested for hay or harvested green for food, feed, or silage and those used for grazing are excluded. The FAO allocates production data to the calendar year in which the bulk of the harvest took place. Most of a crop harvested near the end of a year will be used in the following year.","Food and Agriculture Organization, electronic files and web site.",Environment: Agricultural production,Annual,,Weighted average,"A cereal is a grass cultivated for the edible components of their grain, composed of the endosperm, germ, and bran. Cereal yield is measured as kilograms per hectare of harvested land. Cereal grains are grown in greater quantities and provide more food energy worldwide than any other type of crop; cereal crops therefore can also be called staple crops Cereals production includes wheat, rice, maize, barley, oats, rye, millet, sorghum, buckwheat, and mixed grains. Production data on cereals relate to crops harvested for dry grain only. Cereal crops harvested for hay or harvested green for food, feed, or silage and those used for grazing are excluded.","In developed countries, cereal crops are universally machine-harvested, typically using a combine harvester, which cuts, threshes, and winnows the grain during a single pass across the field. In many industrialized countries, particularly in the United States and Canada, farmers commonly deliver their newly harvested grain to a grain elevator or a storage facility that consolidates the crops of many farmers. In developing countries, a variety of harvesting methods are used in cereal cultivation, depending on the cost of labor, from small combines to hand tools such as the scythe or cradle.

Crop production systems have evolved rapidly over the past century and have resulted in significantly increased crop yields, but have also created undesirable environmental side-effects such as soil degradation and erosion, pollution from chemical fertilizers and agrochemicals and a loss of bio-diversity. Factors such as the green revolution, has led to impressive progress in increasing cereals yields over the last few decades. This progress, however, is not equal across all regions. Continued progress depends on maintaining agricultural research and education. The cultivation of cereals varies widely in different countries and depends partly upon the development of the economy. Production depends on the nature of the soil, the amount of rainfall, irrigation, quality of seeds, and the techniques applied to promote growth.","Cereals production data relate to crops harvested for dry grain only. Cereal crops harvested for hay or harvested green for food, feed, or silage and those used for grazing are excluded. The FAO allocates production data to the calendar year in which the bulk of the harvest took place. Most of a crop harvested near the end of a year will be used in the following year.

The data are collected by the Food and Agriculture Organization of the United Nations (FAO) through annual questionnaires. The FAO tries to impose standard definitions and reporting methods, but complete consistency across countries and over time is not possible. Thus, data on agricultural land in different climates may not be comparable. For example, permanent pastures are quite different in nature and intensity in African countries and dry Middle Eastern countries.

Data on cereal yield may be affected by a variety of reporting and timing differences. Millet and sorghum, which are grown as feed for livestock and poultry in Europe and North America, are used as food in Africa, Asia, and countries of the former Soviet Union. So some cereal crops are excluded from the data for some countries and included elsewhere, depending on their use.

The data collected from official national sources through the questionnaire are supplemented with information from official secondary data sources. The secondary sources cover official country data from websites of national ministries, national publications and related country data reported by various international organizations.",,https://datacatalog.worldbank.org/public-licenses#cc-by
AG.PRD.FOOD.XD,CC BY-4.0,Food production index (2014-2016 = 100),,"Food production index covers food crops that are considered edible and that contain nutrients. Coffee and tea are excluded because, although edible, they have no nutritive value.","Food and Agriculture Organization, electronic files and web site.",Environment: Agricultural production,Annual,2014-16,Weighted average,"The agricultural production index is prepared by the Food and Agriculture Organization of the United Nations (FAO). The FAO indices of agricultural production show the relative level of the aggregate volume of agricultural production for each year in comparison with the base period 2014-2016. They are based on the sum of price-weighted quantities of different agricultural commodities produced after deductions of quantities used as seed and feed weighted in a similar manner. The resulting aggregate represents, therefore, disposable production for any use except as seed and feed. All the indices at the country, regional and world levels are calculated by the Laspeyres formula*. Production quantities of each commodity are weighted by 2014-2016 average international commodity prices and summed for each year. To obtain the index, the aggregate for a given year is divided by the average aggregate for the base period 2014-2016. Since the FAO indices are based on the concept of agriculture as a single enterprise, amounts of seed and feed are subtracted from the production data to avoid double counting, once in the production data and once with the crops or livestock produced from them. Deductions for seed (in the case of eggs, for hatching) and for livestock and poultry feed apply to both domestically produced and imported commodities. They cover only primary agricultural products destined to animal feed (e.g. maize, potatoes, milk, etc.). Processed and semi-processed feed items such as bran, oilcakes, meals and molasses have been completely excluded from the calculations at all stages. It should be noted that when calculating indices of agricultural, food and nonfood production, all intermediate primary inputs of agricultural origin are deducted. However, for indices of any other commodity group, only inputs originating from within the same group are deducted; thus, only seed is removed from the group "crops" and from all crop subgroups, such as cereals, oil crops, etc.; and both feed and seed originating from within the livestock sector (e.g. milk feed, hatching eggs) are removed from the group "livestock products". For the main two livestock subgroups, namely, meat and milk, only feed originating from the respective subgroup is removed. Indices which take into account deductions for feed and seed are referred to as ''net''. Indices calculated without any deductions for feed and seed are referred to as ''gross". The "international commodity prices" are used in order to avoid the use of exchange rates for obtaining continental and world aggregates, and also to improve and facilitate international comparative analysis of productivity at the national level. These" international prices," expressed in so-called "international dollars," are derived using a Geary-Khamis formula** for the agricultural sector. This method assigns a single "price" to each commodity. For example, one metric ton of wheat has the same price regardless of the country where it was produced. The currency unit in which the prices are expressed has no influence on the indices published. The commodities covered in the computation of indices of agricultural production are all crops and livestock products originating in each country. Practically all products are covered, with the main exception of fodder crops. 

* A Laspeyres Index is known as a "base-weighted" or "fixed-weighted" index because the price increases are weighted by the quantities in the base period. The Consumer Price Index is an example of a Laspeyres Index. http://www.usna.edu/Users/econ/rbrady/312%20Materials/LaspeyresCalc.pdf
** Geary-Khamis formula is an aggregation method in which category "international prices" (reflecting relative category values) and country purchasing power parities (PPPs), (depicting relative country price levels) are estimated simultaneously from a system of linear equations. http://stats.oecd.org/glossary/detail.asp?ID=5528","The commodities covered in the computation of indices of agricultural production are all crops and livestock products originating in each country. Practically all products are covered, with the main exception of fodder crops. The category of food production includes commodities that are considered edible and that contain nutrients. Accordingly, coffee and tea are excluded along with inedible commodities because, although edible, they have practically no nutritive value.

It should be noted that when calculating indices of agricultural, food and nonfood production, all intermediate primary inputs of agricultural origin are deducted. However, for indices of any other commodity group, only inputs originating from within the same group are deducted; thus, only seed is removed from the group "crops" and from all crop subgroups, such as cereals, oil crops, etc.; and both feed and seed originating from within the livestock sector (e.g. milk feed, hatching eggs) are removed from the group "livestock products". For the main two livestock subgroups, namely, meat and milk, only feed originating from the respective subgroup is removed.

Crop production data refer to the actual harvested production from the field or orchard and gardens, excluding harvesting and threshing losses and that part of crop not harvested for any reason. Production therefore includes the quantities of the commodity sold in the market (marketed production) and the quantities consumed or used by the producers (auto-consumption).","Agricultural data are collected by the Food and Agriculture Organization of the United Nations (FAO) from official national sources through the questionnaire and are supplemented with information from official secondary data sources. The secondary sources cover official country data from websites of national ministries, national publications and related country data reported by various international organizations. The FAO tries to impose standard definitions and reporting methods, but complete consistency across countries and over time is not possible. Data on agricultural employment, in particular, should be used with caution. In many countries much agricultural employment is informal and unrecorded, including substantial work performed by women and children. To address some of these concerns, this indicator is heavily footnoted in the database in sources, definition, and coverage.",,https://datacatalog.worldbank.org/public-licenses#cc-by
ER.FSH.PROD.MT,CC BY-4.0,Total fisheries production (metric tons),,"Total fisheries production measures the volume of aquatic species caught by a country for all commercial, industrial, recreational and subsistence purposes. The harvest from mariculture, aquaculture and other kinds of fish farming is also included.",Food and Agriculture Organization.,Environment: Agricultural production,Annual,,Sum,,,,,https://datacatalog.worldbank.org/public-licenses#cc-by
SN.ITK.SVFI.ZS,CC BY-4.0,Prevalence of severe food insecurity in the population (%),,"The percentage of people in the population who live in households classified as severely food insecure. A household is classified as severely food insecure when at least one adult in the household has reported to have been exposed, at times during the year, to several of the most severe experiences described in the FIES questions, such as to have been forced to reduce the quantity of the food, to have skipped meals, having gone hungry, or having to go for a whole day without eating because of a lack of money or other resources.",Food and Agriculture Organization of the United Nations (FAO),Health,Annual,,,"The assessment is conducted using data collected with the Food Insecurity Experience Scale or a compatible experience-based food security measurement questionnaire (such as the HFSSM). The probability to be food insecure is estimated using the one-parameter logistic Item Response Theory model (the Rasch model) and thresholds for classification are made cross country comparable by calibrating the metrics obtained in each country against the FIES global reference scale, maintained by FAO. The threshold to classify "severe" food insecurity corresponds to the severity associated with the item "having not eaten for an entire day" on the global FIES scale. It is an indicator of lack of food access.The indicator is calculated as an average over 3 years (eg. data for 2015 is the average of 2014-2016 data).","Food insecurity at moderate levels of severity is typically associated with the inability to regularly eat healthy, balanced diets. As such, high prevalence of food insecurity at moderate levels can be considered a predictor of various forms of diet-related health conditions in the population, associated with micronutrient deficiency and unbalanced diets. Severe levels of food insecurity, on the other hand, imply a high probability of reduced food intake and therefore can lead to more severe forms of undernutrition, including hunger. FAO has identified the FIES as the tool with the greatest potential for becoming a global standard capable of providing comparable information on food insecurity experience across countries and population groups to track progress on reducing food insecurity and
hunger",,,https://datacatalog.worldbank.org/public-licenses#cc-by
SN.ITK.DEFC.ZS,CC BY-4.0,Prevalence of undernourishment (% of population),,Prevalence of undernourishments is the percentage of the population whose habitual food consumption is insufficient to provide the dietary energy levels that are required to maintain a normal active and healthy life. Data showing as 2.5 may signify a prevalence of undernourishment below 2.5%.,Food and Agriculture Organization (http://www.fao.org/faostat/en/#home).,Health: Nutrition,Annual,,Weighted average,"Data on undernourishment are from the Food and Agriculture Organization (FAO) of the United Nations and measure food deprivation based on average food available for human consumption per person, the level of inequality in access to food, and the minimum calories required for an average person.","Good nutrition is the cornerstone for survival, health and development. Well-nourished children perform better in school, grow into healthy adults and in turn give their children a better start in life. Well-nourished women face fewer risks during pregnancy and childbirth, and their children set off on firmer developmental paths, both physically and mentally (UNICEF www.childinfo.org).","From a policy and program standpoint, this measure has its limits. First, food insecurity exists even where food availability is not a problem because of inadequate access of poor households to food. Second, food insecurity is an individual or household phenomenon, and the average food available to each person, even corrected for possible effects of low income, is not a good predictor of food insecurity among the population. And third, nutrition security is determined not only by food security but also by the quality of care of mothers and children and the quality of the household's health environment (Smith and Haddad 2000).",This is the Sustainable Development Goal indicator 2.1.1[https://unstats.un.org/sdgs/metadata/].,https://datacatalog.worldbank.org/public-licenses#cc-by
